
{
  "characters": [
    "CID_001_Athena_Commando_F_Default",
    "CID_002_Athena_Commando_F_Default",
    "CID_003_Athena_Commando_F_Default",
    "CID_004_Athena_Commando_F_Default",
    "CID_005_Athena_Commando_M_Default",
    "CID_006_Athena_Commando_M_Default",
    "CID_007_Athena_Commando_M_Default",
    "CID_008_Athena_Commando_M_Default",
    "CID_009_Athena_Commando_M",
    "CID_010_Athena_Commando_M",
    "CID_011_Athena_Commando_M",
    "CID_012_Athena_Commando_M",
    "CID_013_Athena_Commando_F",
    "CID_014_Athena_Commando_F",
    "CID_015_Athena_Commando_F",
    "CID_016_Athena_Commando_F",
    "CID_017_Athena_Commando_M",
    "CID_018_Athena_Commando_M",
    "CID_019_Athena_Commando_M",
    "CID_020_Athena_Commando_M",
    "CID_021_Athena_Commando_F",
    "CID_022_Athena_Commando_F",
    "CID_023_Athena_Commando_F",
    "CID_024_Athena_Commando_F",
    "CID_025_Athena_Commando_M",
    "CID_026_Athena_Commando_M",
    "CID_027_Athena_Commando_F",
    "CID_028_Athena_Commando_F",
    "CID_029_Athena_Commando_F_Halloween",
    "CID_030_Athena_Commando_M_Halloween",
    "CID_031_Athena_Commando_M_Retro",
    "CID_032_Athena_Commando_M_Medieval",
    "CID_033_Athena_Commando_F_Medieval",
    "CID_034_Athena_Commando_F_Medieval",
    "CID_035_Athena_Commando_M_Medieval",
    "CID_036_Athena_Commando_M_WinterCamo",
    "CID_037_Athena_Commando_F_WinterCamo",
    "CID_038_Athena_Commando_M_Disco",
    "CID_039_Athena_Commando_F_Disco",
    "CID_040_Athena_Commando_M_Tactical",
    "CID_041_Athena_Commando_F_Tactical",
    "CID_042_Athena_Commando_M_Stealth",
    "CID_043_Athena_Commando_F_Stealth",
    "CID_044_Athena_Commando_F_SciPop",
    "CID_045_Athena_Commando_M_SciPop",
    "CID_046_Athena_Commando_F_Holiday",
    "CID_047_Athena_Commando_M_Holiday",
    "CID_048_Athena_Commando_F_Holiday",
    "CID_049_Athena_Commando_M_Holiday",
    "CID_050_Athena_Commando_M_Dragon",
    "CID_051_Athena_Commando_M_Dragon",
    "CID_052_Athena_Commando_F_Dragon",
    "CID_053_Athena_Commando_M_Samurai",
    "CID_054_Athena_Commando_M_Ninja",
    "CID_055_Athena_Commando_F_Ninja",
    "CID_056_Athena_Commando_F_Steampunk",
    "CID_057_Athena_Commando_M_Steampunk",
    "CID_058_Athena_Commando_M_Carbide",
    "CID_059_Athena_Commando_F_Candy",
    "CID_060_Athena_Commando_M_Candy",
    "CID_061_Athena_Commando_M_Jupiter",
    "CID_062_Athena_Commando_F_Jupiter",
    "CID_063_Athena_Commando_F_TacticalWood",
    "CID_064_Athena_Commando_M_TacticalWood",
    "CID_065_Athena_Commando_F_TacticalWood",
    "CID_066_Athena_Commando_F_TacticalWood",
    "CID_067_Athena_Commando_M_TacticalWood",
    "CID_068_Athena_Commando_M_TacticalWood",
    "CID_069_Athena_Commando_F_TacticalWood",
    "CID_070_Athena_Commando_M_TacticalWood"
  ],
  "backpacks": [
    "BID_001_BlackKnight",
    "BID_002_BlueSquire", 
    "BID_003_RoyaleKnight",
    "BID_004_RedKnight",
    "BID_005_Alpine",
    "BID_006_Arctic",
    "BID_007_Mogul",
    "BID_008_SkiPatrol",
    "BID_009_Rust",
    "BID_010_Space",
    "BID_011_Military",
    "BID_012_Medieval",
    "BID_013_Storm",
    "BID_014_Holiday",
    "BID_015_WinterCamo",
    "BID_016_Disco",
    "BID_017_Tactical",
    "BID_018_Stealth",
    "BID_019_SciPop",
    "BID_020_Holiday",
    "BID_021_Dragon",
    "BID_022_Samurai",
    "BID_023_Ninja",
    "BID_024_Steampunk",
    "BID_025_Carbide",
    "BID_026_Candy",
    "BID_027_Jupiter",
    "BID_028_TacticalWood",
    "BID_029_TacticalUrban",
    "BID_030_TacticalSpace"
  ],
  "pickaxes": [
    "Pickaxe_ID_001_Default",
    "Pickaxe_ID_002_Medieval",
    "Pickaxe_ID_003_Medieval",
    "Pickaxe_ID_004_WinterCamo",
    "Pickaxe_ID_005_Disco",
    "Pickaxe_ID_006_Tactical",
    "Pickaxe_ID_007_Stealth",
    "Pickaxe_ID_008_SciPop",
    "Pickaxe_ID_009_Holiday",
    "Pickaxe_ID_010_Dragon",
    "Pickaxe_ID_011_Samurai",
    "Pickaxe_ID_012_Ninja",
    "Pickaxe_ID_013_Steampunk",
    "Pickaxe_ID_014_Carbide",
    "Pickaxe_ID_015_Candy",
    "Pickaxe_ID_016_Jupiter",
    "Pickaxe_ID_017_TacticalWood",
    "Pickaxe_ID_018_TacticalUrban",
    "Pickaxe_ID_019_TacticalSpace",
    "Pickaxe_ID_020_Military"
  ],
  "gliders": [
    "Glider_ID_001_Default",
    "Glider_ID_002_Medieval",
    "Glider_ID_003_Medieval",
    "Glider_ID_004_WinterCamo",
    "Glider_ID_005_Disco",
    "Glider_ID_006_Tactical",
    "Glider_ID_007_Stealth",
    "Glider_ID_008_SciPop",
    "Glider_ID_009_Holiday",
    "Glider_ID_010_Dragon",
    "Glider_ID_011_Samurai",
    "Glider_ID_012_Ninja",
    "Glider_ID_013_Steampunk",
    "Glider_ID_014_Carbide",
    "Glider_ID_015_Candy",
    "Glider_ID_016_Jupiter",
    "Glider_ID_017_TacticalWood",
    "Glider_ID_018_TacticalUrban",
    "Glider_ID_019_TacticalSpace",
    "Glider_ID_020_Military"
  ],
  "emotes": [
    "EID_DanceMove",
    "EID_Floss",
    "EID_TakeTheL",
    "EID_Wave",
    "EID_RockPaperScissors",
    "EID_DabLoop",
    "EID_Snap",
    "EID_Salute",
    "EID_Laugh",
    "EID_LOL",
    "EID_Robot",
    "EID_Wiggle",
    "EID_Twist",
    "EID_Dance_SwipeIt",
    "EID_Dance_Disco",
    "EID_Dance_Breakdance",
    "EID_Dance_Pump",
    "EID_Dance_RideThePony",
    "EID_Dance_Dab",
    "EID_Dance_Tidy",
    "EID_Dance_Fresh",
    "EID_Dance_Groove",
    "EID_Dance_Shoot",
    "EID_Dance_Worm",
    "EID_Dance_Loser",
    "EID_Dance_Breakin",
    "EID_Dance_PopLock",
    "EID_Dance_PopRock",
    "EID_Dance_Charleston",
    "EID_Dance_Chicken"
  ],
  "wraps": [
    "Wrap_001_Default",
    "Wrap_002_Pizza",
    "Wrap_003_Wood",
    "Wrap_004_Metal",
    "Wrap_005_Skull",
    "Wrap_006_Animation",
    "Wrap_007_Storm",
    "Wrap_008_Kevin",
    "Wrap_009_Festive",
    "Wrap_010_Winter",
    "Wrap_011_CarbonFiber",
    "Wrap_012_Military",
    "Wrap_013_Stars",
    "Wrap_014_Ice",
    "Wrap_015_Graffiti",
    "Wrap_016_Digital"
  ],
  "music_packs": [
    "MusicPack_001_OG",
    "MusicPack_002_Halloween",
    "MusicPack_003_Winter",
    "MusicPack_004_Disco",
    "MusicPack_005_Space",
    "MusicPack_006_Storm",
    "MusicPack_007_Western",
    "MusicPack_008_Birthday"
  ],
  "loading_screens": [
    "LoadingScreen_001_Default",
    "LoadingScreen_002_Season1",
    "LoadingScreen_003_Season2",
    "LoadingScreen_004_Season3",
    "LoadingScreen_005_Season4",
    "LoadingScreen_006_Season5",
    "LoadingScreen_007_Season6",
    "LoadingScreen_008_Season7",
    "LoadingScreen_009_Season8",
    "LoadingScreen_010_Season9",
    "LoadingScreen_011_Season10"
  ],
  "contrails": [
    "Contrail_001_Plasma",
    "Contrail_002_Lightning",
    "Contrail_003_Rainbow",
    "Contrail_004_Ice",
    "Contrail_005_Fire",
    "Contrail_006_Stars",
    "Contrail_007_Hearts",
    "Contrail_008_Glitch",
    "Contrail_009_Storm",
    "Contrail_010_Magic"
  ]
}
